"Country or Area";"Year";"Item";"Value"
"Afghanistan";"2020";"Gross Domestic Product (GDP)";"508.453721937094"
"Afghanistan";"2019";"Gross Domestic Product (GDP)";"496.940552822825"
"Afghanistan";"2018";"Gross Domestic Product (GDP)";"495.504343182646"
"Albania";"2020";"Gross Domestic Product (GDP)";"5180.91419760391"
"Albania";"2019";"Gross Domestic Product (GDP)";"5345.60251306761"
"Albania";"2018";"Gross Domestic Product (GDP)";"5257.65069616225"
"Algeria";"2020";"Gross Domestic Product (GDP)";"3367.96300289719"
"Algeria";"2019";"Gross Domestic Product (GDP)";"3975.51900232892"
"Algeria";"2018";"Gross Domestic Product (GDP)";"4153.96148514304"
"Andorra";"2020";"Gross Domestic Product (GDP)";"37072.4053843701"
"Andorra";"2019";"Gross Domestic Product (GDP)";"40900.5385901528"
"Andorra";"2018";"Gross Domestic Product (GDP)";"41794.3985720242"
"Angola";"2020";"Gross Domestic Product (GDP)";"1895.77070283724"
"Angola";"2019";"Gross Domestic Product (GDP)";"2809.62640316258"
"Angola";"2018";"Gross Domestic Product (GDP)";"3289.64337378359"
"Anguilla";"2020";"Gross Domestic Product (GDP)";"17225.9375285437"
"Anguilla";"2019";"Gross Domestic Product (GDP)";"25336.5814533344"
"Anguilla";"2018";"Gross Domestic Product (GDP)";"21889.5903574473"
"Antigua and Barbuda";"2020";"Gross Domestic Product (GDP)";"13993.3201794346"
"Antigua and Barbuda";"2019";"Gross Domestic Product (GDP)";"17376.1129073224"
"Antigua and Barbuda";"2018";"Gross Domestic Product (GDP)";"16678.8987437888"
"Argentina";"2020";"Gross Domestic Product (GDP)";"8475.72958198985"
"Argentina";"2019";"Gross Domestic Product (GDP)";"9947.26485613702"
"Argentina";"2018";"Gross Domestic Product (GDP)";"11668.4723896336"
"Armenia";"2020";"Gross Domestic Product (GDP)";"4266.00547864783"
"Armenia";"2019";"Gross Domestic Product (GDP)";"4604.64137739813"
"Armenia";"2018";"Gross Domestic Product (GDP)";"4220.53419428467"
"Aruba";"2020";"Gross Domestic Product (GDP)";"23385.6386707755"
"Aruba";"2019";"Gross Domestic Product (GDP)";"31136.1109543428"
"Aruba";"2018";"Gross Domestic Product (GDP)";"30253.5778178854"
"Australia";"2020";"Gross Domestic Product (GDP)";"55822.7128453068"
"Australia";"2019";"Gross Domestic Product (GDP)";"54763.2023879958"
"Australia";"2018";"Gross Domestic Product (GDP)";"58596.826340534"
"Austria";"2020";"Gross Domestic Product (GDP)";"48105.6319825656"
"Austria";"2019";"Gross Domestic Product (GDP)";"49693.6687828313"
"Austria";"2018";"Gross Domestic Product (GDP)";"51192.0244554552"
"Azerbaijan";"2020";"Gross Domestic Product (GDP)";"4202.23223942024"
"Azerbaijan";"2019";"Gross Domestic Product (GDP)";"4794.54491996269"
"Azerbaijan";"2018";"Gross Domestic Product (GDP)";"4735.14288045953"
"Bahamas";"2020";"Gross Domestic Product (GDP)";"25194.289197038"
"Bahamas";"2019";"Gross Domestic Product (GDP)";"33799.8396408563"
"Bahamas";"2018";"Gross Domestic Product (GDP)";"33289.9835907862"
"Bahrain";"2020";"Gross Domestic Product (GDP)";"19925.0015989567"
"Bahrain";"2019";"Gross Domestic Product (GDP)";"23442.8308540508"
"Bahrain";"2018";"Gross Domestic Product (GDP)";"23991.9204634778"
"Bangladesh";"2020";"Gross Domestic Product (GDP)";"2000.64015719419"
"Bangladesh";"2019";"Gross Domestic Product (GDP)";"1846.41637656056"
"Bangladesh";"2018";"Gross Domestic Product (GDP)";"1670.79635512435"
"Barbados";"2020";"Gross Domestic Product (GDP)";"15449.2370021749"
"Barbados";"2019";"Gross Domestic Product (GDP)";"18458.1482449264"
"Barbados";"2018";"Gross Domestic Product (GDP)";"17872.1815790484"
"Belarus";"2020";"Gross Domestic Product (GDP)";"6377.05543170986"
"Belarus";"2019";"Gross Domestic Product (GDP)";"6814.15243926858"
"Belarus";"2018";"Gross Domestic Product (GDP)";"6350.73185508754"
"Belgium";"2020";"Gross Domestic Product (GDP)";"45028.3234050509"
"Belgium";"2019";"Gross Domestic Product (GDP)";"46388.2052091768"
"Belgium";"2018";"Gross Domestic Product (GDP)";"47314.5246983971"
"Belize";"2020";"Gross Domestic Product (GDP)";"3987.72639376503"
"Belize";"2019";"Gross Domestic Product (GDP)";"4983.31058170425"
"Belize";"2018";"Gross Domestic Product (GDP)";"4927.19422378619"
"Benin";"2020";"Gross Domestic Product (GDP)";"1254.21258947608"
"Benin";"2019";"Gross Domestic Product (GDP)";"1219.51547854222"
"Benin";"2018";"Gross Domestic Product (GDP)";"1241.82441789072"
"Bermuda";"2020";"Gross Domestic Product (GDP)";"123944.906901313"
"Bermuda";"2019";"Gross Domestic Product (GDP)";"119734.313505903"
"Bermuda";"2018";"Gross Domestic Product (GDP)";"115117.725795143"
"Bhutan";"2020";"Gross Domestic Product (GDP)";"3217.96293453278"
"Bhutan";"2019";"Gross Domestic Product (GDP)";"3316.19123614893"
"Bhutan";"2018";"Gross Domestic Product (GDP)";"3243.51333476419"
"Bolivia (Plurinational State of)";"2020";"Gross Domestic Product (GDP)";"3133.10195045546"
"Bolivia (Plurinational State of)";"2019";"Gross Domestic Product (GDP)";"3552.06876026869"
"Bolivia (Plurinational State of)";"2018";"Gross Domestic Product (GDP)";"3548.59015508971"
"Bosnia and Herzegovina";"2020";"Gross Domestic Product (GDP)";"6035.47556857475"
"Bosnia and Herzegovina";"2019";"Gross Domestic Product (GDP)";"6120.15635087791"
"Bosnia and Herzegovina";"2018";"Gross Domestic Product (GDP)";"6072.24536987383"
"Botswana";"2020";"Gross Domestic Product (GDP)";"6710.96014700365"
"Botswana";"2019";"Gross Domestic Product (GDP)";"7970.84217321343"
"Botswana";"2018";"Gross Domestic Product (GDP)";"8279.82165464996"
"Brazil";"2020";"Gross Domestic Product (GDP)";"6796.84405807973"
"Brazil";"2019";"Gross Domestic Product (GDP)";"8936.36010137898"
"Brazil";"2018";"Gross Domestic Product (GDP)";"9151.38160065645"
"British Virgin Islands";"2020";"Gross Domestic Product (GDP)";"49357.193079951"
"British Virgin Islands";"2019";"Gross Domestic Product (GDP)";"47913.5161838162"
"British Virgin Islands";"2018";"Gross Domestic Product (GDP)";"46368.3645392927"
"Brunei Darussalam";"2020";"Gross Domestic Product (GDP)";"27436.7415145183"
"Brunei Darussalam";"2019";"Gross Domestic Product (GDP)";"31086.329196003"
"Brunei Darussalam";"2018";"Gross Domestic Product (GDP)";"31627.2330533263"
"Bulgaria";"2020";"Gross Domestic Product (GDP)";"10058.0774071682"
"Bulgaria";"2019";"Gross Domestic Product (GDP)";"9844.65466994696"
"Bulgaria";"2018";"Gross Domestic Product (GDP)";"9410.86900450846"
"Burkina Faso";"2020";"Gross Domestic Product (GDP)";"830.925336867403"
"Burkina Faso";"2019";"Gross Domestic Product (GDP)";"786.895613589555"
"Burkina Faso";"2018";"Gross Domestic Product (GDP)";"813.099750342629"
"Burundi";"2020";"Gross Domestic Product (GDP)";"285.875781832036"
"Burundi";"2019";"Gross Domestic Product (GDP)";"292.139142313678"
"Burundi";"2018";"Gross Domestic Product (GDP)";"296.841911028687"
"Cabo Verde";"2020";"Gross Domestic Product (GDP)";"3064.27654591858"
"Cabo Verde";"2019";"Gross Domestic Product (GDP)";"3603.78257648474"
"Cabo Verde";"2018";"Gross Domestic Product (GDP)";"3616.44153075506"
"Cambodia";"2020";"Gross Domestic Product (GDP)";"1512.72828849953"
"Cambodia";"2019";"Gross Domestic Product (GDP)";"1643.64145131163"
"Cambodia";"2018";"Gross Domestic Product (GDP)";"1512.12726795493"
"Cameroon";"2020";"Gross Domestic Product (GDP)";"1502.32806246598"
"Cameroon";"2019";"Gross Domestic Product (GDP)";"1507.45017200201"
"Cameroon";"2018";"Gross Domestic Product (GDP)";"1534.49199126514"
"Canada";"2020";"Gross Domestic Product (GDP)";"43559.7100918314"
"Canada";"2019";"Gross Domestic Product (GDP)";"46550.3355073651"
"Canada";"2018";"Gross Domestic Product (GDP)";"46444.3966417276"
"Cayman Islands";"2020";"Gross Domestic Product (GDP)";"95190.9325059168"
"Cayman Islands";"2019";"Gross Domestic Product (GDP)";"91389.3524392229"
"Cayman Islands";"2018";"Gross Domestic Product (GDP)";"86053.9609453604"
"Central African Republic";"2020";"Gross Domestic Product (GDP)";"481.016461953413"
"Central African Republic";"2019";"Gross Domestic Product (GDP)";"467.673135580228"
"Central African Republic";"2018";"Gross Domestic Product (GDP)";"475.954443886655"
"Chad";"2020";"Gross Domestic Product (GDP)";"679.067283844749"
"Chad";"2019";"Gross Domestic Product (GDP)";"706.825832843972"
"Chad";"2018";"Gross Domestic Product (GDP)";"734.731830938309"
"Chile";"2020";"Gross Domestic Product (GDP)";"13231.709642446"
"Chile";"2019";"Gross Domestic Product (GDP)";"14741.7115972862"
"Chile";"2018";"Gross Domestic Product (GDP)";"15888.1491215301"
"China (mainland)";"2020";"Gross Domestic Product (GDP)";"10228.9705580833"
"China (mainland)";"2019";"Gross Domestic Product (GDP)";"9959.63735462553"
"China (mainland)";"2018";"Gross Domestic Product (GDP)";"9732.72656660355"
"China, Hong Kong SAR";"2020";"Gross Domestic Product (GDP)";"46611.3910399946"
"China, Hong Kong SAR";"2019";"Gross Domestic Product (GDP)";"49179.7510667519"
"China, Hong Kong SAR";"2018";"Gross Domestic Product (GDP)";"49064.6730974608"
"China, Macao Special Administrative Region";"2020";"Gross Domestic Product (GDP)";"37473.7532621561"
"China, Macao Special Administrative Region";"2019";"Gross Domestic Product (GDP)";"86118.1064589778"
"China, Macao Special Administrative Region";"2018";"Gross Domestic Product (GDP)";"87554.2175690101"
"Colombia";"2020";"Gross Domestic Product (GDP)";"5332.77279049289"
"Colombia";"2019";"Gross Domestic Product (GDP)";"6424.97943131278"
"Colombia";"2018";"Gross Domestic Product (GDP)";"6729.58448441756"
"Comoros";"2020";"Gross Domestic Product (GDP)";"1420.65190502353"
"Comoros";"2019";"Gross Domestic Product (GDP)";"1401.550514844"
"Comoros";"2018";"Gross Domestic Product (GDP)";"1428.2903130764"
"Congo";"2020";"Gross Domestic Product (GDP)";"1830.38249097654"
"Congo";"2019";"Gross Domestic Product (GDP)";"2327.85480602885"
"Congo";"2018";"Gross Domestic Product (GDP)";"2547.51915135037"
"Cook Islands";"2020";"Gross Domestic Product (GDP)";"16134.9779483292"
"Cook Islands";"2019";"Gross Domestic Product (GDP)";"20332.5517561122"
"Cook Islands";"2018";"Gross Domestic Product (GDP)";"20705.2112453625"
"Costa Rica";"2020";"Gross Domestic Product (GDP)";"12076.8059608058"
"Costa Rica";"2019";"Gross Domestic Product (GDP)";"12669.7061753034"
"Costa Rica";"2018";"Gross Domestic Product (GDP)";"12468.5802531913"
"Côte d'Ivoire";"2020";"Gross Domestic Product (GDP)";"2317.92571866178"
"Côte d'Ivoire";"2019";"Gross Domestic Product (GDP)";"2276.34032918416"
"Côte d'Ivoire";"2018";"Gross Domestic Product (GDP)";"2314.03165959858"
"Croatia";"2020";"Gross Domestic Product (GDP)";"13934.2419553929"
"Croatia";"2019";"Gross Domestic Product (GDP)";"15070.6108765899"
"Croatia";"2018";"Gross Domestic Product (GDP)";"14976.3746225325"
"Cuba";"2020";"Gross Domestic Product (GDP)";"9477.85287326771"
"Cuba";"2019";"Gross Domestic Product (GDP)";"9125.87948470916"
"Cuba";"2018";"Gross Domestic Product (GDP)";"8824.20334774664"
"Curaçao";"2020";"Gross Domestic Product (GDP)";"15819.2105022064"
"Curaçao";"2019";"Gross Domestic Product (GDP)";"18980.1236910014"
"Curaçao";"2018";"Gross Domestic Product (GDP)";"19218.8633094572"
"Cyprus";"2020";"Gross Domestic Product (GDP)";"28133.0711589119"
"Cyprus";"2019";"Gross Domestic Product (GDP)";"29659.3492456919"
"Cyprus";"2018";"Gross Domestic Product (GDP)";"29618.2501384837"
"Czechia";"2020";"Gross Domestic Product (GDP)";"22910.628937362"
"Czechia";"2019";"Gross Domestic Product (GDP)";"23621.7696040149"
"Czechia";"2018";"Gross Domestic Product (GDP)";"23341.2378184842"
"Democratic People's Republic of Korea";"2020";"Gross Domestic Product (GDP)";"617.887235468459"
"Democratic People's Republic of Korea";"2019";"Gross Domestic Product (GDP)";"639.556389910187"
"Democratic People's Republic of Korea";"2018";"Gross Domestic Product (GDP)";"687.943178432236"
"Democratic Republic of the Congo";"2020";"Gross Domestic Product (GDP)";"505.883923589688"
"Democratic Republic of the Congo";"2019";"Gross Domestic Product (GDP)";"545.216282228054"
"Democratic Republic of the Congo";"2018";"Gross Domestic Product (GDP)";"560.807361614005"
"Denmark";"2020";"Gross Domestic Product (GDP)";"61476.5969290503"
"Denmark";"2019";"Gross Domestic Product (GDP)";"60216.35759517"
"Denmark";"2018";"Gross Domestic Product (GDP)";"62036.4046980312"
"Djibouti";"2020";"Gross Domestic Product (GDP)";"3465.03871349282"
"Djibouti";"2019";"Gross Domestic Product (GDP)";"3252.32040854545"
"Djibouti";"2018";"Gross Domestic Product (GDP)";"3048.58950389413"
"Dominica";"2020";"Gross Domestic Product (GDP)";"7037.6853112385"
"Dominica";"2019";"Gross Domestic Product (GDP)";"8516.28003895161"
"Dominica";"2018";"Gross Domestic Product (GDP)";"7745.485101157"
"Dominican Republic";"2020";"Gross Domestic Product (GDP)";"7268.18860336878"
"Dominican Republic";"2019";"Gross Domestic Product (GDP)";"8282.12308689232"
"Dominican Republic";"2018";"Gross Domestic Product (GDP)";"8050.64978313272"
"Ecuador";"2020";"Gross Domestic Product (GDP)";"5600.39151951811"
"Ecuador";"2019";"Gross Domestic Product (GDP)";"6222.52286248"
"Ecuador";"2018";"Gross Domestic Product (GDP)";"6295.93503016034"
"Egypt";"2020";"Gross Domestic Product (GDP)";"3608.8422559128"
"Egypt";"2019";"Gross Domestic Product (GDP)";"3161.32468433375"
"Egypt";"2018";"Gross Domestic Product (GDP)";"2537.51220924576"
"El Salvador";"2020";"Gross Domestic Product (GDP)";"3798.63470103088"
"El Salvador";"2019";"Gross Domestic Product (GDP)";"4167.72915865106"
"El Salvador";"2018";"Gross Domestic Product (GDP)";"4052.62157014154"
"Equatorial Guinea";"2020";"Gross Domestic Product (GDP)";"7143.23810177987"
"Equatorial Guinea";"2019";"Gross Domestic Product (GDP)";"8419.90820200349"
"Equatorial Guinea";"2018";"Gross Domestic Product (GDP)";"10005.5479472305"
"Eritrea";"2020";"Gross Domestic Product (GDP)";"587.614195752495"
"Eritrea";"2019";"Gross Domestic Product (GDP)";"566.711679389871"
"Eritrea";"2018";"Gross Domestic Product (GDP)";"580.881170971124"
"Estonia";"2020";"Gross Domestic Product (GDP)";"23105.5233911819"
"Estonia";"2019";"Gross Domestic Product (GDP)";"23419.1819800506"
"Estonia";"2018";"Gross Domestic Product (GDP)";"23047.1237148554"
"Ethiopia";"2020";"Gross Domestic Product (GDP)";"840.361930061963"
"Ethiopia";"2019";"Gross Domestic Product (GDP)";"825.865014941968"
"Ethiopia";"2018";"Gross Domestic Product (GDP)";"734.36279516465"
"Fiji";"2020";"Gross Domestic Product (GDP)";"5013.23098335222"
"Fiji";"2019";"Gross Domestic Product (GDP)";"6175.89291691717"
"Fiji";"2018";"Gross Domestic Product (GDP)";"6317.49479582753"
"Finland";"2020";"Gross Domestic Product (GDP)";"48685.2453931033"
"Finland";"2019";"Gross Domestic Product (GDP)";"48585.4830160957"
"Finland";"2018";"Gross Domestic Product (GDP)";"49925.0870417902"
"France";"2020";"Gross Domestic Product (GDP)";"38958.6034185801"
"France";"2019";"Gross Domestic Product (GDP)";"40516.9966148641"
"France";"2018";"Gross Domestic Product (GDP)";"41537.6427978495"
"French Polynesia";"2020";"Gross Domestic Product (GDP)";"20707.4527737439"
"French Polynesia";"2019";"Gross Domestic Product (GDP)";"22078.0721324248"
"French Polynesia";"2018";"Gross Domestic Product (GDP)";"22679.0874567926"
"Gabon";"2020";"Gross Domestic Product (GDP)";"6789.39263219054"
"Gabon";"2019";"Gross Domestic Product (GDP)";"7766.99280449473"
"Gabon";"2018";"Gross Domestic Product (GDP)";"7959.0106618604"
"Gambia";"2020";"Gross Domestic Product (GDP)";"757.412441096855"
"Gambia";"2019";"Gross Domestic Product (GDP)";"769.198871556743"
"Gambia";"2018";"Gross Domestic Product (GDP)";"732.726999696246"
"Georgia";"2020";"Gross Domestic Product (GDP)";"3983.68975637212"
"Georgia";"2019";"Gross Domestic Product (GDP)";"4372.78060372028"
"Georgia";"2018";"Gross Domestic Product (GDP)";"4396.66260225726"
"Germany";"2020";"Gross Domestic Product (GDP)";"45908.7247130686"
"Germany";"2019";"Gross Domestic Product (GDP)";"46557.2840685089"
"Germany";"2018";"Gross Domestic Product (GDP)";"47847.4261965748"
"Ghana";"2020";"Gross Domestic Product (GDP)";"2205.52608626793"
"Ghana";"2019";"Gross Domestic Product (GDP)";"2247.14974813546"
"Ghana";"2018";"Gross Domestic Product (GDP)";"2260.11345149393"
"Greece";"2020";"Gross Domestic Product (GDP)";"18117.070258478"
"Greece";"2019";"Gross Domestic Product (GDP)";"19587.0572706062"
"Greece";"2018";"Gross Domestic Product (GDP)";"20152.4901671807"
"Greenland";"2020";"Gross Domestic Product (GDP)";"55138.5698779367"
"Greenland";"2019";"Gross Domestic Product (GDP)";"52622.5726053252"
"Greenland";"2018";"Gross Domestic Product (GDP)";"53751.5952277863"
"Grenada";"2020";"Gross Domestic Product (GDP)";"9272.8837561111"
"Grenada";"2019";"Gross Domestic Product (GDP)";"10834.4008642626"
"Grenada";"2018";"Gross Domestic Product (GDP)";"10466.3307898492"
"Guatemala";"2020";"Gross Domestic Product (GDP)";"4331.6869582017"
"Guatemala";"2019";"Gross Domestic Product (GDP)";"4380.74991064359"
"Guatemala";"2018";"Gross Domestic Product (GDP)";"4244.52513102217"
"Guinea";"2020";"Gross Domestic Product (GDP)";"1179.48889016162"
"Guinea";"2019";"Gross Domestic Product (GDP)";"1058.1433723314"
"Guinea";"2018";"Gross Domestic Product (GDP)";"955.111206479098"
"Guinea-Bissau";"2020";"Gross Domestic Product (GDP)";"668.190170586211"
"Guinea-Bissau";"2019";"Gross Domestic Product (GDP)";"688.351615288899"
"Guinea-Bissau";"2018";"Gross Domestic Product (GDP)";"737.58275087299"
"Guyana";"2020";"Gross Domestic Product (GDP)";"6956.01941538948"
"Guyana";"2019";"Gross Domestic Product (GDP)";"6609.5934008498"
"Guyana";"2018";"Gross Domestic Product (GDP)";"6145.82815220471"
"Haiti";"2020";"Gross Domestic Product (GDP)";"1359.80253637103"
"Haiti";"2019";"Gross Domestic Product (GDP)";"1243.60385596244"
"Haiti";"2018";"Gross Domestic Product (GDP)";"1422.45448528732"
"Honduras";"2020";"Gross Domestic Product (GDP)";"2405.73499733933"
"Honduras";"2019";"Gross Domestic Product (GDP)";"2574.35213518041"
"Honduras";"2018";"Gross Domestic Product (GDP)";"2510.32023352187"
"Hungary";"2020";"Gross Domestic Product (GDP)";"16128.6516647777"
"Hungary";"2019";"Gross Domestic Product (GDP)";"16885.0708870464"
"Hungary";"2018";"Gross Domestic Product (GDP)";"16542.554758796"
"Iceland";"2020";"Gross Domestic Product (GDP)";"63644.018266178"
"Iceland";"2019";"Gross Domestic Product (GDP)";"73319.9632040731"
"Iceland";"2018";"Gross Domestic Product (GDP)";"78010.2453945928"
"India";"2020";"Gross Domestic Product (GDP)";"1930.97121792722"
"India";"2019";"Gross Domestic Product (GDP)";"2114.98213436828"
"India";"2018";"Gross Domestic Product (GDP)";"2041.44010838918"
"Indonesia";"2020";"Gross Domestic Product (GDP)";"3869.58852046848"
"Indonesia";"2019";"Gross Domestic Product (GDP)";"4135.2015275789"
"Indonesia";"2018";"Gross Domestic Product (GDP)";"3893.85967268486"
"Iran, Islamic Republic of";"2020";"Gross Domestic Product (GDP)";"11183.2748769679"
"Iran, Islamic Republic of";"2019";"Gross Domestic Product (GDP)";"7882.78891216738"
"Iran, Islamic Republic of";"2018";"Gross Domestic Product (GDP)";"6434.76996736192"
"Iraq";"2020";"Gross Domestic Product (GDP)";"4145.86396710848"
"Iraq";"2019";"Gross Domestic Product (GDP)";"5980.62848939734"
"Iraq";"2018";"Gross Domestic Product (GDP)";"5915.85146939217"
"Ireland";"2020";"Gross Domestic Product (GDP)";"86250.9941527383"
"Ireland";"2019";"Gross Domestic Product (GDP)";"81745.5140553019"
"Ireland";"2018";"Gross Domestic Product (GDP)";"79905.8896228021"
"Israel";"2020";"Gross Domestic Product (GDP)";"47033.5865472019"
"Israel";"2019";"Gross Domestic Product (GDP)";"46709.3548842328"
"Israel";"2018";"Gross Domestic Product (GDP)";"44579.2014783768"
"Italy";"2020";"Gross Domestic Product (GDP)";"31238.0483461991"
"Italy";"2019";"Gross Domestic Product (GDP)";"33185.4893211519"
"Italy";"2018";"Gross Domestic Product (GDP)";"34504.7979509257"
"Jamaica";"2020";"Gross Domestic Product (GDP)";"4664.51971786885"
"Jamaica";"2019";"Gross Domestic Product (GDP)";"5369.49283016239"
"Jamaica";"2018";"Gross Domestic Product (GDP)";"5360.00418560711"
"Japan";"2020";"Gross Domestic Product (GDP)";"39989.7255087383"
"Japan";"2019";"Gross Domestic Product (GDP)";"40586.2346840733"
"Japan";"2018";"Gross Domestic Product (GDP)";"39597.5231358934"
"Jordan";"2020";"Gross Domestic Product (GDP)";"4282.72167145816"
"Jordan";"2019";"Gross Domestic Product (GDP)";"4405.48059577022"
"Jordan";"2018";"Gross Domestic Product (GDP)";"4308.18107020741"
"Kazakhstan";"2020";"Gross Domestic Product (GDP)";"9111.41050061829"
"Kazakhstan";"2019";"Gross Domestic Product (GDP)";"9792.62219586664"
"Kazakhstan";"2018";"Gross Domestic Product (GDP)";"9789.50420893393"
"Kenya";"2020";"Gross Domestic Product (GDP)";"1878.58119241031"
"Kenya";"2019";"Gross Domestic Product (GDP)";"1912.6232997657"
"Kenya";"2018";"Gross Domestic Product (GDP)";"1794.0918095968"
"Kingdom of Eswatini";"2020";"Gross Domestic Product (GDP)";"3305.77427113107"
"Kingdom of Eswatini";"2019";"Gross Domestic Product (GDP)";"3894.19761883004"
"Kingdom of Eswatini";"2018";"Gross Domestic Product (GDP)";"4105.62039500103"
"Kiribati";"2020";"Gross Domestic Product (GDP)";"1514.56946404026"
"Kiribati";"2019";"Gross Domestic Product (GDP)";"1512.97224228765"
"Kiribati";"2018";"Gross Domestic Product (GDP)";"1693.86455367852"
"Kosovo";"2020";"Gross Domestic Product (GDP)";"4368.14312943083"
"Kosovo";"2019";"Gross Domestic Product (GDP)";"4443.43455303387"
"Kosovo";"2018";"Gross Domestic Product (GDP)";"4416.57033883776"
"Kuwait";"2020";"Gross Domestic Product (GDP)";"24809.0396285701"
"Kuwait";"2019";"Gross Domestic Product (GDP)";"32371.9861720596"
"Kuwait";"2018";"Gross Domestic Product (GDP)";"33403.9008723369"
"Kyrgyzstan";"2020";"Gross Domestic Product (GDP)";"1185.73019277986"
"Kyrgyzstan";"2019";"Gross Domestic Product (GDP)";"1382.67257226416"
"Kyrgyzstan";"2018";"Gross Domestic Product (GDP)";"1312.03471367403"
"Lao People's Democratic Republic";"2020";"Gross Domestic Product (GDP)";"2622.75763965773"
"Lao People's Democratic Republic";"2019";"Gross Domestic Product (GDP)";"2613.94506449189"
"Lao People's Democratic Republic";"2018";"Gross Domestic Product (GDP)";"2569.0924641328"
"Latvia";"2020";"Gross Domestic Product (GDP)";"17870.5103156209"
"Latvia";"2019";"Gross Domestic Product (GDP)";"17993.3970258718"
"Latvia";"2018";"Gross Domestic Product (GDP)";"17853.1269967477"
"Lebanon";"2020";"Gross Domestic Product (GDP)";"9310.16192545214"
"Lebanon";"2019";"Gross Domestic Product (GDP)";"7811.92238073168"
"Lebanon";"2018";"Gross Domestic Product (GDP)";"8058.44433692326"
"Lesotho";"2020";"Gross Domestic Product (GDP)";"1061.26571462724"
"Lesotho";"2019";"Gross Domestic Product (GDP)";"1154.53993277029"
"Lesotho";"2018";"Gross Domestic Product (GDP)";"1191.85233661189"
"Liberia";"2020";"Gross Domestic Product (GDP)";"490.51912388306"
"Liberia";"2019";"Gross Domestic Product (GDP)";"522.999167776231"
"Liberia";"2018";"Gross Domestic Product (GDP)";"569.61447740006"
"Libya";"2020";"Gross Domestic Product (GDP)";"4242.76717359281"
"Libya";"2019";"Gross Domestic Product (GDP)";"8827.83656504791"
"Libya";"2018";"Gross Domestic Product (GDP)";"11414.3055123309"
"Liechtenstein";"2020";"Gross Domestic Product (GDP)";"180227.131991826"
"Liechtenstein";"2019";"Gross Domestic Product (GDP)";"175811.169745097"
"Liechtenstein";"2018";"Gross Domestic Product (GDP)";"180407.852034163"
"Lithuania";"2020";"Gross Domestic Product (GDP)";"20771.8421796845"
"Lithuania";"2019";"Gross Domestic Product (GDP)";"19820.5695977512"
"Lithuania";"2018";"Gross Domestic Product (GDP)";"19188.092184702"
"Luxembourg";"2020";"Gross Domestic Product (GDP)";"117181.646629287"
"Luxembourg";"2019";"Gross Domestic Product (GDP)";"114004.238058486"
"Luxembourg";"2018";"Gross Domestic Product (GDP)";"117973.701722668"
"Madagascar";"2020";"Gross Domestic Product (GDP)";"469.766309497188"
"Madagascar";"2019";"Gross Domestic Product (GDP)";"522.989510926798"
"Madagascar";"2018";"Gross Domestic Product (GDP)";"523.945978505324"
"Malawi";"2020";"Gross Domestic Product (GDP)";"614.867604712418"
"Malawi";"2019";"Gross Domestic Product (GDP)";"598.329222000009"
"Malawi";"2018";"Gross Domestic Product (GDP)";"544.394114150727"
"Malaysia";"2020";"Gross Domestic Product (GDP)";"10401.7931992135"
"Malaysia";"2019";"Gross Domestic Product (GDP)";"11414.2903671155"
"Malaysia";"2018";"Gross Domestic Product (GDP)";"11377.569225401"
"Maldives";"2020";"Gross Domestic Product (GDP)";"6924.0938466658"
"Maldives";"2019";"Gross Domestic Product (GDP)";"10561.6642883921"
"Maldives";"2018";"Gross Domestic Product (GDP)";"10279.2313395973"
"Mali";"2020";"Gross Domestic Product (GDP)";"855.863188075269"
"Mali";"2019";"Gross Domestic Product (GDP)";"879.12138974187"
"Mali";"2018";"Gross Domestic Product (GDP)";"894.805124950002"
"Malta";"2020";"Gross Domestic Product (GDP)";"33770.7901217407"
"Malta";"2019";"Gross Domestic Product (GDP)";"35710.5586275275"
"Malta";"2018";"Gross Domestic Product (GDP)";"34896.7261215782"
"Marshall Islands";"2020";"Gross Domestic Product (GDP)";"4130.13090048995"
"Marshall Islands";"2019";"Gross Domestic Product (GDP)";"4076.15978636186"
"Marshall Islands";"2018";"Gross Domestic Product (GDP)";"3797.00152363344"
"Mauritania";"2020";"Gross Domestic Product (GDP)";"1702.48769147385"
"Mauritania";"2019";"Gross Domestic Product (GDP)";"1743.3020877428"
"Mauritania";"2018";"Gross Domestic Product (GDP)";"1669.77309731606"
"Mauritius";"2020";"Gross Domestic Product (GDP)";"8586.94267243051"
"Mauritius";"2019";"Gross Domestic Product (GDP)";"11062.5834600553"
"Mauritius";"2018";"Gross Domestic Product (GDP)";"11191.6809009072"
"Mexico";"2020";"Gross Domestic Product (GDP)";"8325.57121757046"
"Mexico";"2019";"Gross Domestic Product (GDP)";"9946.01661841142"
"Mexico";"2018";"Gross Domestic Product (GDP)";"9686.49281062123"
"Micronesia (Federated States of)";"2020";"Gross Domestic Product (GDP)";"3499.86321866062"
"Micronesia (Federated States of)";"2019";"Gross Domestic Product (GDP)";"3585.2971928129"
"Micronesia (Federated States of)";"2018";"Gross Domestic Product (GDP)";"3568.29082919034"
"Monaco";"2020";"Gross Domestic Product (GDP)";"173695.77238078"
"Monaco";"2019";"Gross Domestic Product (GDP)";"189506.773411756"
"Monaco";"2018";"Gross Domestic Product (GDP)";"185986.077868026"
"Mongolia";"2020";"Gross Domestic Product (GDP)";"4007.31127951355"
"Mongolia";"2019";"Gross Domestic Product (GDP)";"4339.84323584213"
"Mongolia";"2018";"Gross Domestic Product (GDP)";"4134.9737644893"
"Montenegro";"2020";"Gross Domestic Product (GDP)";"7625.72201655034"
"Montenegro";"2019";"Gross Domestic Product (GDP)";"8825.31398848426"
"Montenegro";"2018";"Gross Domestic Product (GDP)";"8771.63114046894"
"Montserrat";"2020";"Gross Domestic Product (GDP)";"13523.1184710351"
"Montserrat";"2019";"Gross Domestic Product (GDP)";"13134.822535504"
"Montserrat";"2018";"Gross Domestic Product (GDP)";"12589.4771198196"
"Morocco";"2020";"Gross Domestic Product (GDP)";"3108.17537357982"
"Morocco";"2019";"Gross Domestic Product (GDP)";"3286.67186440451"
"Morocco";"2018";"Gross Domestic Product (GDP)";"3277.80099654481"
"Mozambique";"2020";"Gross Domestic Product (GDP)";"448.84389134932"
"Mozambique";"2019";"Gross Domestic Product (GDP)";"506.817255987287"
"Mozambique";"2018";"Gross Domestic Product (GDP)";"503.30209447779"
"Myanmar";"2020";"Gross Domestic Product (GDP)";"1291.74896818633"
"Myanmar";"2019";"Gross Domestic Product (GDP)";"1374.37523849301"
"Myanmar";"2018";"Gross Domestic Product (GDP)";"1370.68574784542"
"Namibia";"2020";"Gross Domestic Product (GDP)";"4215.17014051901"
"Namibia";"2019";"Gross Domestic Product (GDP)";"5037.22913817152"
"Namibia";"2018";"Gross Domestic Product (GDP)";"5587.96559236008"
"Nauru";"2020";"Gross Domestic Product (GDP)";"12510.3662555289"
"Nauru";"2019";"Gross Domestic Product (GDP)";"12350.9261281719"
"Nauru";"2018";"Gross Domestic Product (GDP)";"12952.5417271887"
"Nepal";"2020";"Gross Domestic Product (GDP)";"1135.28795716863"
"Nepal";"2019";"Gross Domestic Product (GDP)";"1197.82592064857"
"Nepal";"2018";"Gross Domestic Product (GDP)";"1129.42102346733"
"Netherlands";"2020";"Gross Domestic Product (GDP)";"53333.6575721071"
"Netherlands";"2019";"Gross Domestic Product (GDP)";"53236.6746681242"
"Netherlands";"2018";"Gross Domestic Product (GDP)";"53579.543562648"
"New Caledonia";"2020";"Gross Domestic Product (GDP)";"34006.3251972146"
"New Caledonia";"2019";"Gross Domestic Product (GDP)";"33379.7630206689"
"New Caledonia";"2018";"Gross Domestic Product (GDP)";"35168.4516541695"
"New Zealand";"2020";"Gross Domestic Product (GDP)";"43972.1305726375"
"New Zealand";"2019";"Gross Domestic Product (GDP)";"44622.989778304"
"New Zealand";"2018";"Gross Domestic Product (GDP)";"44686.3287215793"
"Nicaragua";"2020";"Gross Domestic Product (GDP)";"1905.25519722715"
"Nicaragua";"2019";"Gross Domestic Product (GDP)";"1926.697992279"
"Nicaragua";"2018";"Gross Domestic Product (GDP)";"2014.57270464258"
"Niger";"2020";"Gross Domestic Product (GDP)";"567.669696808278"
"Niger";"2019";"Gross Domestic Product (GDP)";"554.099699131846"
"Niger";"2018";"Gross Domestic Product (GDP)";"570.72424466106"
"Nigeria";"2020";"Gross Domestic Product (GDP)";"2085.47406098868"
"Nigeria";"2019";"Gross Domestic Product (GDP)";"2361.20696665297"
"Nigeria";"2018";"Gross Domestic Product (GDP)";"2153.52649434869"
"Norway";"2020";"Gross Domestic Product (GDP)";"66870.7307257441"
"Norway";"2019";"Gross Domestic Product (GDP)";"75389.6227395523"
"Norway";"2018";"Gross Domestic Product (GDP)";"81866.3925654499"
"Oman";"2020";"Gross Domestic Product (GDP)";"12408.8981398994"
"Oman";"2019";"Gross Domestic Product (GDP)";"15343.0620042751"
"Oman";"2018";"Gross Domestic Product (GDP)";"16521.2164909279"
"Pakistan";"2020";"Gross Domestic Product (GDP)";"1167.21649573926"
"Pakistan";"2019";"Gross Domestic Product (GDP)";"1168.64309744438"
"Pakistan";"2018";"Gross Domestic Product (GDP)";"1338.88816845106"
"Palau";"2020";"Gross Domestic Product (GDP)";"14566.9096385542"
"Palau";"2019";"Gross Domestic Product (GDP)";"15572.4903376277"
"Palau";"2018";"Gross Domestic Product (GDP)";"15934.0603674541"
"Panama";"2020";"Gross Domestic Product (GDP)";"12269.0458757101"
"Panama";"2019";"Gross Domestic Product (GDP)";"15727.970386717"
"Panama";"2018";"Gross Domestic Product (GDP)";"15544.7233940064"
"Papua New Guinea";"2020";"Gross Domestic Product (GDP)";"2639.88317473106"
"Papua New Guinea";"2019";"Gross Domestic Product (GDP)";"2829.13914403193"
"Papua New Guinea";"2018";"Gross Domestic Product (GDP)";"2813.72817236545"
"Paraguay";"2020";"Gross Domestic Product (GDP)";"4949.74413017447"
"Paraguay";"2019";"Gross Domestic Product (GDP)";"5380.96563194299"
"Paraguay";"2018";"Gross Domestic Product (GDP)";"5782.78708846467"
"Peru";"2020";"Gross Domestic Product (GDP)";"6162.69825228308"
"Peru";"2019";"Gross Domestic Product (GDP)";"7027.68670456607"
"Peru";"2018";"Gross Domestic Product (GDP)";"6957.78878723158"
"Philippines";"2020";"Gross Domestic Product (GDP)";"3298.83006215503"
"Philippines";"2019";"Gross Domestic Product (GDP)";"3485.34223692158"
"Philippines";"2018";"Gross Domestic Product (GDP)";"3252.1084242909"
"Poland";"2020";"Gross Domestic Product (GDP)";"15764.1058298611"
"Poland";"2019";"Gross Domestic Product (GDP)";"15764.5721925322"
"Poland";"2018";"Gross Domestic Product (GDP)";"15490.0942577776"
"Portugal";"2020";"Gross Domestic Product (GDP)";"22413.0398391619"
"Portugal";"2019";"Gross Domestic Product (GDP)";"23467.8793414302"
"Portugal";"2018";"Gross Domestic Product (GDP)";"23626.0293247179"
"Puerto Rico";"2020";"Gross Domestic Product (GDP)";"36051.590207536"
"Puerto Rico";"2019";"Gross Domestic Product (GDP)";"35765.4305163141"
"Puerto Rico";"2018";"Gross Domestic Product (GDP)";"33203.4257184178"
"Qatar";"2020";"Gross Domestic Product (GDP)";"50814.9344504966"
"Qatar";"2019";"Gross Domestic Product (GDP)";"62088.0618276876"
"Qatar";"2018";"Gross Domestic Product (GDP)";"65907.9484330656"
"Republic of Korea";"2020";"Gross Domestic Product (GDP)";"31946.9825107436"
"Republic of Korea";"2019";"Gross Domestic Product (GDP)";"32234.5074914024"
"Republic of Korea";"2018";"Gross Domestic Product (GDP)";"33705.2569425298"
"Republic of Moldova";"2020";"Gross Domestic Product (GDP)";"2953.51088411219"
"Republic of Moldova";"2019";"Gross Domestic Product (GDP)";"2960.81284354504"
"Republic of Moldova";"2018";"Gross Domestic Product (GDP)";"2827.64104565455"
"Republic of North Macedonia";"2020";"Gross Domestic Product (GDP)";"5886.46103737576"
"Republic of North Macedonia";"2019";"Gross Domestic Product (GDP)";"6022.21841819629"
"Republic of North Macedonia";"2018";"Gross Domestic Product (GDP)";"6088.97256789471"
"Romania";"2020";"Gross Domestic Product (GDP)";"12928.5806563067"
"Romania";"2019";"Gross Domestic Product (GDP)";"12903.9935289112"
"Romania";"2018";"Gross Domestic Product (GDP)";"12378.4974347302"
"Russian Federation";"2020";"Gross Domestic Product (GDP)";"10165.5059670489"
"Russian Federation";"2019";"Gross Domestic Product (GDP)";"11567.9961315492"
"Russian Federation";"2018";"Gross Domestic Product (GDP)";"11372.2779875777"
"Rwanda";"2020";"Gross Domestic Product (GDP)";"797.705403470109"
"Rwanda";"2019";"Gross Domestic Product (GDP)";"820.26732825837"
"Rwanda";"2018";"Gross Domestic Product (GDP)";"783.714349837141"
"Saint Kitts and Nevis";"2020";"Gross Domestic Product (GDP)";"17433.633185809"
"Saint Kitts and Nevis";"2019";"Gross Domestic Product (GDP)";"19777.5800524603"
"Saint Kitts and Nevis";"2018";"Gross Domestic Product (GDP)";"19275.4185126566"
"Saint Lucia";"2020";"Gross Domestic Product (GDP)";"8804.66420555841"
"Saint Lucia";"2019";"Gross Domestic Product (GDP)";"11591.4032091066"
"Saint Lucia";"2018";"Gross Domestic Product (GDP)";"11353.7702990611"
"Saint Vincent and the Grenadines";"2020";"Gross Domestic Product (GDP)";"7298.37282748766"
"Saint Vincent and the Grenadines";"2019";"Gross Domestic Product (GDP)";"7457.50950382514"
"Saint Vincent and the Grenadines";"2018";"Gross Domestic Product (GDP)";"7361.33416809574"
"Samoa";"2020";"Gross Domestic Product (GDP)";"3889.99736172226"
"Samoa";"2019";"Gross Domestic Product (GDP)";"4298.59171824849"
"Samoa";"2018";"Gross Domestic Product (GDP)";"4256.2246098498"
"San Marino";"2020";"Gross Domestic Product (GDP)";"45832.1990481227"
"San Marino";"2019";"Gross Domestic Product (GDP)";"47732.7720090207"
"San Marino";"2018";"Gross Domestic Product (GDP)";"48996.7235161106"
"Sao Tome and Principe";"2020";"Gross Domestic Product (GDP)";"2174.0479183198"
"Sao Tome and Principe";"2019";"Gross Domestic Product (GDP)";"2002.42325741563"
"Sao Tome and Principe";"2018";"Gross Domestic Product (GDP)";"1968.2498559237"
"Saudi Arabia";"2020";"Gross Domestic Product (GDP)";"20110.3153185196"
"Saudi Arabia";"2019";"Gross Domestic Product (GDP)";"23139.7986569601"
"Saudi Arabia";"2018";"Gross Domestic Product (GDP)";"23337.019971162"
"Senegal";"2020";"Gross Domestic Product (GDP)";"1457.9907269663"
"Senegal";"2019";"Gross Domestic Product (GDP)";"1430.14805131224"
"Senegal";"2018";"Gross Domestic Product (GDP)";"1458.06929375443"
"Serbia";"2020";"Gross Domestic Product (GDP)";"7655.69588486091"
"Serbia";"2019";"Gross Domestic Product (GDP)";"7364.95376738672"
"Serbia";"2018";"Gross Domestic Product (GDP)";"7214.95780188248"
"Seychelles";"2020";"Gross Domestic Product (GDP)";"10766.7866890465"
"Seychelles";"2019";"Gross Domestic Product (GDP)";"16194.8583159571"
"Seychelles";"2018";"Gross Domestic Product (GDP)";"15940.2386035955"
"Sierra Leone";"2020";"Gross Domestic Product (GDP)";"474.692062219045"
"Sierra Leone";"2019";"Gross Domestic Product (GDP)";"527.533631822448"
"Sierra Leone";"2018";"Gross Domestic Product (GDP)";"533.991460116011"
"Singapore";"2020";"Gross Domestic Product (GDP)";"58114.2453472612"
"Singapore";"2019";"Gross Domestic Product (GDP)";"64503.1021109854"
"Singapore";"2018";"Gross Domestic Product (GDP)";"65300.9101368544"
"Sint Maarten (Dutch part)";"2020";"Gross Domestic Product (GDP)";"20000.0927189802"
"Sint Maarten (Dutch part)";"2019";"Gross Domestic Product (GDP)";"25569.4909305522"
"Sint Maarten (Dutch part)";"2018";"Gross Domestic Product (GDP)";"23355.322647677"
"Slovakia";"2020";"Gross Domestic Product (GDP)";"19263.6375226744"
"Slovakia";"2019";"Gross Domestic Product (GDP)";"19293.4075181235"
"Slovakia";"2018";"Gross Domestic Product (GDP)";"19367.7831226147"
"Slovenia";"2020";"Gross Domestic Product (GDP)";"25777.3967192431"
"Slovenia";"2019";"Gross Domestic Product (GDP)";"26064.403987388"
"Slovenia";"2018";"Gross Domestic Product (GDP)";"26067.295796215"
"Solomon Islands";"2020";"Gross Domestic Product (GDP)";"2250.56375686668"
"Solomon Islands";"2019";"Gross Domestic Product (GDP)";"2344.13422232702"
"Solomon Islands";"2018";"Gross Domestic Product (GDP)";"2411.8983699977"
"Somalia";"2020";"Gross Domestic Product (GDP)";"117.858870889433"
"Somalia";"2019";"Gross Domestic Product (GDP)";"118.605673954818"
"Somalia";"2018";"Gross Domestic Product (GDP)";"111.408564419015"
"South Africa";"2020";"Gross Domestic Product (GDP)";"5094.38403793128"
"South Africa";"2019";"Gross Domestic Product (GDP)";"6001.38957628686"
"South Africa";"2018";"Gross Domestic Product (GDP)";"6369.23160832165"
"South Sudan";"2020";"Gross Domestic Product (GDP)";"1420.71043393456"
"South Sudan";"2019";"Gross Domestic Product (GDP)";"1486.36853037699"
"South Sudan";"2018";"Gross Domestic Product (GDP)";"737.380740285703"
"Spain";"2020";"Gross Domestic Product (GDP)";"27408.6349002359"
"Spain";"2019";"Gross Domestic Product (GDP)";"29806.208565547"
"Spain";"2018";"Gross Domestic Product (GDP)";"30432.7942939829"
"Sri Lanka";"2020";"Gross Domestic Product (GDP)";"3767.60665468822"
"Sri Lanka";"2019";"Gross Domestic Product (GDP)";"3938.84752111085"
"Sri Lanka";"2018";"Gross Domestic Product (GDP)";"4143.57941794819"
"State of Palestine";"2020";"Gross Domestic Product (GDP)";"3050.38955865962"
"State of Palestine";"2019";"Gross Domestic Product (GDP)";"3439.48111181149"
"State of Palestine";"2018";"Gross Domestic Product (GDP)";"3347.04303678877"
"Sudan";"2020";"Gross Domestic Product (GDP)";"1415.24344818513"
"Sudan";"2019";"Gross Domestic Product (GDP)";"815.06010081405"
"Sudan";"2018";"Gross Domestic Product (GDP)";"1156.97794453906"
"Suriname";"2020";"Gross Domestic Product (GDP)";"7022.76722280103"
"Suriname";"2019";"Gross Domestic Product (GDP)";"6840.88516169923"
"Suriname";"2018";"Gross Domestic Product (GDP)";"6547.73692323358"
"Sweden";"2020";"Gross Domestic Product (GDP)";"53574.5526372181"
"Sweden";"2019";"Gross Domestic Product (GDP)";"53194.4368769308"
"Sweden";"2018";"Gross Domestic Product (GDP)";"55703.5234820086"
"Switzerland";"2020";"Gross Domestic Product (GDP)";"86918.6482933755"
"Switzerland";"2019";"Gross Domestic Product (GDP)";"85169.0600615526"
"Switzerland";"2018";"Gross Domestic Product (GDP)";"86274.0865789764"
"Syrian Arab Republic";"2020";"Gross Domestic Product (GDP)";"889.81524691967"
"Syrian Arab Republic";"2019";"Gross Domestic Product (GDP)";"1558.08465080955"
"Syrian Arab Republic";"2018";"Gross Domestic Product (GDP)";"1303.77553119144"
"Tajikistan";"2020";"Gross Domestic Product (GDP)";"838.451015762254"
"Tajikistan";"2019";"Gross Domestic Product (GDP)";"890.547994825993"
"Tajikistan";"2018";"Gross Domestic Product (GDP)";"853.218444493717"
"Thailand";"2020";"Gross Domestic Product (GDP)";"7189.0479887291"
"Thailand";"2019";"Gross Domestic Product (GDP)";"7817.0081035194"
"Thailand";"2018";"Gross Domestic Product (GDP)";"7296.87657373171"
"Timor-Leste";"2020";"Gross Domestic Product (GDP)";"1442.72746682645"
"Timor-Leste";"2019";"Gross Domestic Product (GDP)";"1583.71482670968"
"Timor-Leste";"2018";"Gross Domestic Product (GDP)";"1249.13935380378"
"Togo";"2020";"Gross Domestic Product (GDP)";"863.144729894068"
"Togo";"2019";"Gross Domestic Product (GDP)";"853.009121244168"
"Togo";"2018";"Gross Domestic Product (GDP)";"883.94331546256"
"Tonga";"2020";"Gross Domestic Product (GDP)";"4646.10630841556"
"Tonga";"2019";"Gross Domestic Product (GDP)";"4865.49215429955"
"Tonga";"2018";"Gross Domestic Product (GDP)";"4649.84482433088"
"Trinidad and Tobago";"2020";"Gross Domestic Product (GDP)";"15285.9732543298"
"Trinidad and Tobago";"2019";"Gross Domestic Product (GDP)";"17123.2843189178"
"Trinidad and Tobago";"2018";"Gross Domestic Product (GDP)";"17139.2816528077"
"Tunisia";"2020";"Gross Domestic Product (GDP)";"3318.33335631969"
"Tunisia";"2019";"Gross Domestic Product (GDP)";"3351.53594468773"
"Tunisia";"2018";"Gross Domestic Product (GDP)";"3438.84896794772"
"Turkey";"2020";"Gross Domestic Product (GDP)";"8538.1319256995"
"Turkey";"2019";"Gross Domestic Product (GDP)";"9121.48324876742"
"Turkey";"2018";"Gross Domestic Product (GDP)";"9454.40711905489"
"Turkmenistan";"2020";"Gross Domestic Product (GDP)";"7103.92192645861"
"Turkmenistan";"2019";"Gross Domestic Product (GDP)";"7314.04163711257"
"Turkmenistan";"2018";"Gross Domestic Product (GDP)";"6544.67036239376"
"Turks and Caicos Islands";"2020";"Gross Domestic Product (GDP)";"23880.5434305344"
"Turks and Caicos Islands";"2019";"Gross Domestic Product (GDP)";"31353.3293184258"
"Turks and Caicos Islands";"2018";"Gross Domestic Product (GDP)";"29554.7059604407"
"Tuvalu";"2020";"Gross Domestic Product (GDP)";"4648.34210392431"
"Tuvalu";"2019";"Gross Domestic Product (GDP)";"4652.22854389003"
"Tuvalu";"2018";"Gross Domestic Product (GDP)";"4180.37127978951"
"Uganda";"2020";"Gross Domestic Product (GDP)";"846.116480744515"
"Uganda";"2019";"Gross Domestic Product (GDP)";"852.014967698487"
"Uganda";"2018";"Gross Domestic Product (GDP)";"797.249546571223"
"Ukraine";"2020";"Gross Domestic Product (GDP)";"3557.47735564211"
"Ukraine";"2019";"Gross Domestic Product (GDP)";"3498.90483012756"
"Ukraine";"2018";"Gross Domestic Product (GDP)";"2958.49192678816"
"United Arab Emirates";"2020";"Gross Domestic Product (GDP)";"36284.547905631"
"United Arab Emirates";"2019";"Gross Domestic Product (GDP)";"42701.4299341838"
"United Arab Emirates";"2018";"Gross Domestic Product (GDP)";"43839.3563491469"
"United Kingdom of Great Britain and Northern Ireland";"2020";"Gross Domestic Product (GDP)";"40718.2218139912"
"United Kingdom of Great Britain and Northern Ireland";"2019";"Gross Domestic Product (GDP)";"42627.966539378"
"United Kingdom of Great Britain and Northern Ireland";"2018";"Gross Domestic Product (GDP)";"43204.031679546"
"United Republic of Tanzania: Mainland";"2020";"Gross Domestic Product (GDP)";"1114.99624385539"
"United Republic of Tanzania: Mainland";"2019";"Gross Domestic Product (GDP)";"1082.42052789886"
"United Republic of Tanzania: Mainland";"2018";"Gross Domestic Product (GDP)";"1041.47588225313"
"United Republic of Tanzania: Zanzibar";"2020";"Gross Domestic Product (GDP)";"1031.06703959605"
"United Republic of Tanzania: Zanzibar";"2019";"Gross Domestic Product (GDP)";"1110.84267086765"
"United Republic of Tanzania: Zanzibar";"2018";"Gross Domestic Product (GDP)";"1025.77944729738"
"United States";"2020";"Gross Domestic Product (GDP)";"63122.5941450239"
"United States";"2019";"Gross Domestic Product (GDP)";"64949.4397483886"
"United States";"2018";"Gross Domestic Product (GDP)";"62755.7119920033"
"Uruguay";"2020";"Gross Domestic Product (GDP)";"15438.4013948404"
"Uruguay";"2019";"Gross Domestic Product (GDP)";"17688.0122214651"
"Uruguay";"2018";"Gross Domestic Product (GDP)";"18703.9127700024"
"Uzbekistan";"2020";"Gross Domestic Product (GDP)";"1724.1877480419"
"Uzbekistan";"2019";"Gross Domestic Product (GDP)";"1750.25892482127"
"Uzbekistan";"2018";"Gross Domestic Product (GDP)";"1551.67613736904"
"Vanuatu";"2020";"Gross Domestic Product (GDP)";"2783.02964417111"
"Vanuatu";"2019";"Gross Domestic Product (GDP)";"3115.35771152883"
"Vanuatu";"2018";"Gross Domestic Product (GDP)";"3125.26014475135"
"Venezuela (Bolivarian Republic of)";"2020";"Gross Domestic Product (GDP)";"3740.28736114037"
"Venezuela (Bolivarian Republic of)";"2019";"Gross Domestic Product (GDP)";"5264.84274676804"
"Venezuela (Bolivarian Republic of)";"2018";"Gross Domestic Product (GDP)";"7063.48495508208"
"Viet Nam";"2020";"Gross Domestic Product (GDP)";"2785.724225314"
"Viet Nam";"2019";"Gross Domestic Product (GDP)";"2715.27587424366"
"Viet Nam";"2018";"Gross Domestic Product (GDP)";"2566.44734641531"
"Yemen";"2020";"Gross Domestic Product (GDP)";"937.382745095333"
"Yemen";"2019";"Gross Domestic Product (GDP)";"865.726138335618"
"Yemen";"2018";"Gross Domestic Product (GDP)";"803.648963811312"
"Zambia";"2020";"Gross Domestic Product (GDP)";"985.132787628238"
"Zambia";"2019";"Gross Domestic Product (GDP)";"1305.06025959823"
"Zambia";"2018";"Gross Domestic Product (GDP)";"1516.3916276197"
"Zimbabwe";"2020";"Gross Domestic Product (GDP)";"1465.8450542437"
"Zimbabwe";"2019";"Gross Domestic Product (GDP)";"1497.73809249387"
"Zimbabwe";"2018";"Gross Domestic Product (GDP)";"1683.7657684481"

